,games_qoe,f_sharing_qoe
0,0.9957641659097127,0.004235834090287205
