,tutela_jitter,tutela_latency
0,0.8278861065868799,0.17211389341311997
